Date,RELIANCE,TCS,HDFCBANK,ICICIBANK,INFY,TATASTEEL,SBIN,BAJAJAUTO,HINDUNILVR,LT,TATAMOTORS.B,BHARTIARTL.B,ASIANPAINT.B
2000-01-01,45.50,125.30,78.20,32.10,89.40,28.50,15.60,245.80,156.90,67.30,45.20,78.90,234.50
2000-02-01,47.20,128.50,81.30,33.50,92.10,29.80,16.20,251.20,162.40,69.80,47.10,81.20,241.30
2000-03-01,49.10,132.20,84.60,35.20,95.30,31.40,17.10,258.90,168.20,72.50,49.30,83.80,248.70
2000-04-01,46.80,129.80,82.10,34.10,91.70,30.20,16.50,254.60,164.80,70.20,47.80,82.10,244.20
2000-05-01,48.60,134.50,85.90,36.40,97.20,32.80,17.80,262.30,171.60,74.10,50.70,85.40,252.80
2000-06-01,50.30,138.20,89.40,38.70,100.50,34.60,18.90,269.80,176.30,76.90,52.90,88.20,259.40
2000-07-01,52.10,142.60,92.80,40.20,103.80,36.50,19.70,275.40,181.70,79.60,55.20,91.30,266.20
2000-08-01,49.70,139.30,90.20,38.90,101.20,35.10,19.10,271.90,178.50,77.40,53.60,89.70,262.80
2000-09-01,51.80,143.80,93.60,41.50,105.40,37.20,20.30,278.60,184.20,80.80,56.40,92.80,269.60
2000-10-01,54.20,147.90,97.30,43.80,108.70,39.40,21.50,285.30,189.80,83.70,58.90,95.60,276.40
2000-11-01,56.80,152.40,101.20,46.20,112.30,41.70,22.80,292.70,195.60,86.90,61.50,98.70,283.90
2000-12-01,59.60,157.20,105.40,48.90,116.20,44.30,24.20,300.50,201.80,90.40,64.30,102.10,291.70
2001-01-01,57.30,154.80,102.90,47.60,113.80,42.90,23.70,296.20,198.40,88.10,62.80,100.30,288.20
2001-02-01,60.10,159.60,106.80,50.30,117.90,45.60,25.10,304.80,204.70,91.80,65.70,103.80,295.60
2001-03-01,62.90,164.70,110.90,52.80,122.40,48.20,26.60,313.90,211.30,95.60,68.90,107.60,303.40
2001-04-01,60.50,161.20,108.40,51.40,119.70,46.80,25.90,309.60,207.80,93.20,67.10,105.70,299.80
2001-05-01,63.80,166.90,112.70,54.20,124.30,49.70,27.40,318.40,214.60,97.40,70.60,109.20,307.90
2001-06-01,67.20,172.30,117.20,57.10,129.20,52.80,29.10,327.60,221.80,101.30,73.80,112.90,316.50
2001-07-01,70.80,178.10,122.10,60.30,134.50,56.20,30.90,337.20,229.40,105.60,77.20,116.80,325.70
2001-08-01,68.40,174.60,119.30,58.70,131.80,54.60,30.20,332.80,226.10,103.20,75.50,114.90,321.90
2001-09-01,65.90,170.80,116.20,56.90,128.70,52.70,29.40,328.10,222.50,100.50,73.60,112.70,317.80
2001-10-01,69.30,176.40,120.60,59.80,133.60,55.90,31.10,336.70,228.90,104.80,76.90,116.20,326.40
2001-11-01,72.90,182.50,125.40,62.90,138.90,59.40,32.90,345.80,235.70,109.40,80.50,120.10,335.60
2001-12-01,76.80,189.20,130.70,66.30,144.60,63.20,34.80,355.40,242.90,114.30,84.40,124.30,345.20
2002-01-01,74.20,185.60,127.80,64.70,141.80,61.50,34.10,350.90,239.40,111.80,82.60,122.40,341.30
2002-02-01,78.10,191.90,132.90,68.20,147.30,65.40,36.20,360.70,246.80,116.70,86.90,126.80,350.80
2002-03-01,82.30,198.70,138.40,71.90,153.20,69.60,38.50,371.20,254.60,121.90,91.50,131.60,360.90
2002-04-01,79.80,195.20,135.60,70.20,150.40,67.80,37.70,366.80,251.20,119.40,89.70,129.50,356.70
2002-05-01,84.20,202.40,141.30,74.10,156.90,72.30,39.90,377.60,259.80,124.80,94.20,134.20,367.40
2002-06-01,88.90,209.80,147.50,78.30,163.80,76.90,42.40,389.20,268.40,130.50,99.10,139.30,378.60
2002-07-01,93.80,217.60,154.20,82.80,171.20,81.80,45.10,401.50,277.60,136.70,104.30,144.80,390.50
2002-08-01,90.60,213.90,150.80,80.90,168.30,79.70,44.20,396.80,274.10,134.20,102.10,142.60,386.20
2002-09-01,87.20,209.80,147.20,78.70,165.10,77.40,43.10,391.60,270.30,131.50,99.70,140.20,381.60
2002-10-01,91.80,216.70,152.60,82.40,170.90,81.20,45.60,402.30,277.90,136.90,103.80,144.90,391.80
2002-11-01,96.70,224.20,158.40,86.50,177.20,85.40,48.30,413.80,285.90,142.70,108.40,149.90,402.70
2002-12-01,102.10,232.40,164.80,91.20,184.10,90.10,51.20,426.20,294.50,149.10,113.50,155.40,414.30
2003-01-01,98.90,228.60,161.20,89.30,180.80,87.90,50.20,421.40,290.80,146.40,111.20,153.10,409.80
2003-02-01,104.30,236.80,167.90,93.80,187.60,92.70,53.40,433.90,299.70,152.80,116.60,158.90,421.60
2003-03-01,110.20,245.60,175.20,98.70,195.10,98.10,56.80,447.20,309.20,159.70,122.40,165.20,434.20
2003-04-01,106.80,241.30,171.60,96.40,191.70,95.60,55.70,442.10,305.40,156.90,120.10,162.80,429.80
2003-05-01,112.90,250.40,178.90,101.60,199.30,101.20,59.30,455.80,314.90,163.40,125.80,169.40,442.70
2003-06-01,119.40,259.90,186.70,107.20,207.40,107.30,63.10,470.30,325.10,170.30,131.90,176.50,456.40
2003-07-01,126.30,270.10,195.20,113.30,216.20,113.90,67.20,485.60,336.00,177.80,138.50,184.20,470.90
2003-08-01,122.10,265.40,191.30,110.80,212.60,111.20,65.90,479.80,331.70,174.90,135.90,181.60,466.20
2003-09-01,117.60,260.30,187.10,108.10,208.70,108.30,64.40,473.60,327.10,171.70,133.10,178.80,461.20
2003-10-01,124.20,269.80,194.40,113.70,216.90,114.60,68.10,487.20,337.80,178.60,139.20,185.40,472.80
2003-11-01,131.30,279.90,202.30,119.80,225.80,121.40,72.10,501.60,349.20,186.10,145.80,192.60,485.20
2003-12-01,139.10,290.80,210.90,126.50,235.40,128.70,76.50,516.90,361.40,194.30,152.90,200.40,498.40
2004-01-01,134.60,285.90,206.80,123.90,231.60,125.90,75.20,510.80,356.90,191.20,150.20,197.60,493.10
2004-02-01,142.30,296.40,215.70,130.20,240.80,133.40,79.80,526.70,368.60,199.40,157.80,205.90,507.90
2004-03-01,150.60,307.60,225.30,137.10,250.70,141.50,84.70,543.50,380.90,208.20,166.10,214.80,523.60
2004-04-01,145.90,302.20,220.80,134.20,246.30,138.60,83.10,537.20,376.20,204.80,163.20,211.70,518.40
2004-05-01,154.20,313.80,230.60,141.60,256.40,146.90,88.20,554.80,388.70,213.90,171.50,220.90,535.20
2004-06-01,163.10,326.20,241.20,149.70,267.20,155.80,93.70,573.40,401.80,223.80,180.40,230.70,552.80
2004-07-01,172.60,339.40,252.60,158.40,278.80,165.30,99.60,593.20,415.60,234.50,189.90,241.20,571.40
2004-08-01,167.20,333.60,247.80,155.20,274.20,161.90,97.80,586.10,410.30,230.80,186.70,237.80,566.20
2004-09-01,161.50,327.40,242.70,151.80,269.30,158.20,95.80,578.60,404.70,226.90,183.20,234.10,560.70
2004-10-01,170.40,339.20,252.10,159.60,279.40,166.80,101.20,596.80,417.90,236.40,191.60,243.50,574.90
2004-11-01,180.10,351.80,262.30,168.20,290.30,176.20,107.10,616.20,431.80,246.70,200.70,253.60,590.20
2004-12-01,190.60,365.40,273.40,177.50,302.10,186.30,113.50,636.80,446.50,257.80,210.50,264.40,606.70
2005-01-01,184.70,359.20,268.30,174.10,297.20,182.40,111.40,629.40,440.80,253.60,206.90,260.30,600.30
2005-02-01,195.20,372.80,279.60,182.90,308.90,193.20,118.20,650.70,455.90,264.80,216.80,271.50,617.80
2005-03-01,206.50,387.30,291.80,192.40,321.40,204.80,125.40,673.20,471.90,276.80,227.40,283.40,636.20
2005-04-01,200.20,380.60,286.20,188.70,316.20,200.60,123.10,665.80,466.10,272.30,223.60,279.20,630.40
2005-05-01,211.80,394.90,298.70,198.50,328.80,212.40,130.70,688.60,482.70,284.20,234.90,291.80,649.80
2005-06-01,224.20,410.30,312.10,209.20,342.30,225.10,138.90,712.90,499.80,296.90,247.10,305.20,670.40
2005-07-01,237.50,426.80,326.40,220.80,356.70,238.60,147.70,738.60,517.80,310.50,260.20,319.40,692.20
2005-08-01,230.10,419.60,320.30,216.40,350.80,233.70,145.10,730.20,511.40,305.80,255.60,314.60,685.70
2005-09-01,222.30,411.90,313.80,211.70,344.60,228.50,142.30,721.40,504.70,300.80,250.70,309.50,678.90
2005-10-01,234.80,426.40,326.90,222.60,357.90,241.30,150.80,744.80,521.60,313.40,262.90,321.80,696.50
2005-11-01,248.20,442.10,340.90,234.30,372.20,255.20,160.10,769.60,539.40,326.80,276.10,335.20,715.40
2005-12-01,262.60,458.90,355.80,246.80,387.40,270.10,170.20,795.80,558.20,341.20,290.30,349.60,735.60
2006-01-01,254.50,451.20,349.20,242.10,381.20,264.60,167.20,786.40,551.10,335.70,285.20,344.80,728.90
2006-02-01,269.30,468.40,364.80,254.70,396.80,280.20,177.60,813.70,570.60,350.40,299.80,359.70,748.20
2006-03-01,285.20,486.90,381.60,268.20,413.60,296.90,188.80,842.40,591.20,366.10,315.40,375.80,768.90
2006-04-01,276.40,478.30,374.50,262.80,406.70,290.80,185.30,832.10,583.40,359.80,309.60,370.20,760.40
2006-05-01,292.60,496.20,390.80,276.90,423.50,307.90,196.80,860.90,603.70,375.90,325.80,386.90,780.70
2006-06-01,309.80,515.40,408.30,292.10,441.60,326.20,209.20,891.20,625.30,393.20,343.20,404.80,802.30
2006-07-01,328.20,536.10,427.20,308.40,460.90,345.80,222.50,923.10,648.20,411.80,361.90,423.90,825.20
2006-08-01,318.10,526.80,419.30,302.60,453.20,338.90,218.40,911.60,639.80,405.20,355.60,417.60,816.80
2006-09-01,307.60,517.20,411.10,296.50,445.20,331.70,214.10,899.70,631.10,398.30,349.10,411.10,808.10
2006-10-01,325.40,535.90,427.80,312.80,462.40,350.60,226.90,929.80,652.40,414.60,367.20,427.30,830.90
2006-11-01,344.30,556.20,445.70,330.20,480.80,370.80,240.70,961.60,674.90,432.10,386.50,444.70,854.80
2006-12-01,364.60,578.10,464.90,348.90,500.50,392.40,255.60,995.20,698.70,450.90,407.10,463.40,880.20
2007-01-01,353.20,568.40,456.30,342.10,492.20,384.60,251.20,982.70,689.40,443.50,400.20,456.80,870.60
2007-02-01,373.80,589.60,475.90,360.40,511.80,407.30,266.30,1017.40,713.80,463.20,421.50,475.90,897.40
2007-03-01,395.70,612.30,496.90,380.20,532.70,431.50,282.60,1054.20,739.60,484.20,444.20,496.30,925.80
2007-04-01,383.40,601.80,487.60,372.60,523.90,422.80,277.40,1036.80,727.90,475.80,436.10,487.90,914.20
2007-05-01,405.60,624.70,508.90,392.80,545.20,447.20,294.20,1073.60,753.40,497.30,459.30,509.60,943.70
2007-06-01,429.20,649.10,531.60,414.30,567.90,473.10,312.10,1112.40,780.20,520.10,483.90,532.70,974.60
2007-07-01,454.30,675.20,555.80,437.20,592.10,500.60,331.20,1153.60,808.40,544.30,510.20,557.20,1007.20
2007-08-01,440.20,661.80,544.90,428.60,581.40,490.30,324.80,1134.90,794.80,534.60,500.70,547.60,990.80
2007-09-01,425.60,647.90,533.60,419.70,570.30,479.60,318.20,1115.80,780.90,524.60,490.90,537.70,974.10
2007-10-01,450.30,670.40,554.20,442.80,591.80,507.20,337.40,1153.20,808.60,546.80,517.90,558.30,1005.60
2007-11-01,476.80,694.60,576.10,467.20,614.90,536.40,357.90,1192.80,837.80,570.40,546.70,580.20,1038.70
2007-12-01,504.90,720.50,599.40,493.10,639.60,567.30,379.80,1234.70,868.50,595.50,577.20,603.50,1073.40
2008-01-01,489.20,700.30,582.40,479.10,621.80,551.20,369.20,1200.60,844.70,579.20,561.40,587.40,1044.80
2008-02-01,517.60,742.30,616.80,507.20,658.90,583.90,391.40,1271.40,894.90,613.40,594.60,622.10,1106.20
2008-03-01,547.70,786.50,653.20,537.10,698.20,618.70,415.20,1346.90,947.80,649.70,630.20,658.70,1170.80
2008-04-01,530.80,763.20,633.80,521.40,677.90,600.40,403.10,1307.20,920.40,630.90,612.30,640.20,1137.60
2008-05-01,561.50,808.70,671.40,551.90,718.40,635.80,427.20,1384.60,974.90,668.20,648.40,678.30,1205.40
2008-06-01,594.20,856.90,711.30,584.30,761.20,673.60,452.80,1466.80,1032.60,707.80,686.90,718.70,1276.80
2008-07-01,629.20,908.30,753.60,619.10,806.40,713.90,480.10,1553.40,1093.80,749.70,727.90,761.40,1352.20
2008-08-01,609.70,881.10,731.20,600.80,782.60,692.80,466.20,1507.80,1061.70,727.90,706.50,739.40,1312.40
2008-09-01,589.60,853.20,708.30,582.10,758.30,671.20,452.00,1461.60,1029.20,705.70,684.70,717.10,1272.10
2008-10-01,623.80,881.40,734.60,615.70,785.90,711.30,479.20,1510.20,1064.80,730.40,725.90,742.30,1316.80
2008-11-01,660.20,911.50,762.40,651.80,814.90,753.40,508.60,1561.70,1102.10,756.90,769.40,768.90,1363.70
2008-12-01,698.60,943.20,791.80,689.70,845.60,797.30,539.80,1615.80,1141.20,785.20,815.20,796.90,1412.90
2009-01-01,677.20,915.80,768.50,669.40,821.20,774.20,524.20,1568.40,1108.30,762.10,791.50,774.20,1372.80
2009-02-01,716.40,970.30,813.90,708.60,869.70,820.30,555.40,1661.20,1173.90,806.80,838.20,820.30,1453.40
2009-03-01,758.20,1028.40,862.40,750.20,921.60,869.60,588.70,1759.30,1243.20,854.70,887.90,869.60,1538.20
2009-04-01,735.10,998.20,836.80,728.20,895.20,844.20,571.60,1707.80,1206.90,829.80,862.40,844.20,1493.60
2009-05-01,778.10,1057.40,885.90,771.40,948.20,894.60,605.70,1808.60,1278.30,879.20,913.60,894.60,1582.40
2009-06-01,823.60,1120.30,937.80,817.20,1004.60,948.20,641.80,1915.10,1353.20,931.80,967.80,948.20,1675.80
2009-07-01,872.20,1187.30,993.20,866.40,1064.80,1005.20,680.20,2027.40,1432.40,987.60,1025.20,1005.20,1774.60
2009-08-01,845.60,1151.20,963.80,840.80,1033.60,975.50,660.20,1967.80,1389.80,958.20,994.50,975.50,1721.80
2009-09-01,818.40,1114.60,934.00,814.80,1002.00,945.40,640.00,1907.60,1346.80,928.40,963.40,945.40,1668.60
2009-10-01,866.20,1151.40,966.80,862.40,1036.20,1002.60,679.20,1971.80,1393.20,959.60,1022.60,1002.60,1724.40
2009-11-01,917.40,1190.50,1001.40,912.60,1072.20,1062.80,720.40,2038.70,1441.40,992.80,1084.80,1062.80,1782.60
2009-12-01,971.80,1231.80,1037.80,965.40,1110.00,1126.20,763.60,2108.90,1491.60,1027.80,1150.20,1126.20,1843.40
2010-01-01,942.20,1196.20,1007.20,936.80,1077.60,1093.20,741.20,2046.80,1447.20,997.20,1116.20,1093.20,1789.60
2010-02-01,997.40,1267.40,1066.40,991.60,1141.20,1158.40,784.40,2168.40,1532.40,1056.40,1182.40,1158.40,1896.40
2010-03-01,1055.80,1342.80,1129.20,1049.60,1208.40,1227.60,830.80,2296.80,1622.80,1119.20,1251.60,1227.60,2008.80
2010-04-01,1023.60,1302.40,1095.60,1017.60,1172.80,1190.40,805.60,2227.20,1573.60,1085.60,1214.40,1190.40,1948.40
2010-05-01,1083.20,1379.20,1160.40,1077.20,1242.40,1261.20,853.20,2359.20,1666.40,1150.40,1285.20,1261.20,2064.40
2010-06-01,1146.40,1460.40,1228.80,1140.40,1316.00,1335.60,903.60,2498.40,1763.20,1218.80,1359.60,1335.60,2186.40
2010-07-01,1213.60,1546.60,1301.20,1207.60,1393.60,1414.40,957.20,2644.60,1864.40,1291.20,1438.40,1414.40,2314.60
2010-08-01,1176.80,1500.80,1262.40,1171.20,1352.80,1372.80,929.60,2565.60,1809.60,1252.40,1396.80,1372.80,2244.80
2010-09-01,1139.20,1454.40,1223.20,1134.40,1311.60,1330.80,901.60,2486.00,1754.40,1213.20,1354.80,1330.80,2174.40
2010-10-01,1205.60,1502.40,1264.80,1201.60,1357.20,1412.40,956.80,2570.40,1812.80,1254.80,1436.40,1412.40,2251.20
2010-11-01,1276.00,1552.80,1308.00,1272.00,1404.80,1497.60,1015.20,2657.60,1873.60,1298.00,1521.60,1497.60,2330.80
2010-12-01,1350.40,1605.60,1353.60,1346.40,1454.40,1586.40,1076.80,2748.80,1936.80,1343.60,1610.40,1586.40,2414.40
2011-01-01,1309.20,1558.40,1313.20,1306.80,1411.20,1539.20,1044.80,2666.40,1879.20,1303.20,1563.20,1539.20,2342.40
2011-02-01,1385.60,1650.40,1391.60,1383.20,1495.20,1631.20,1107.20,2824.80,1991.20,1381.60,1655.20,1631.20,2482.40
2011-03-01,1467.20,1748.80,1474.40,1464.80,1584.00,1728.80,1173.60,2992.80,2109.60,1464.80,1752.80,1728.80,2630.40
2011-04-01,1423.20,1696.80,1430.40,1421.60,1537.60,1677.60,1139.20,2904.00,2047.20,1420.80,1701.60,1677.60,2552.80
2011-05-01,1506.40,1797.60,1515.20,1505.60,1629.60,1777.60,1207.20,3076.80,2168.80,1505.60,1801.60,1777.60,2704.80
2011-06-01,1595.20,1905.60,1606.40,1595.20,1728.00,1884.80,1279.20,3260.80,2298.40,1596.80,1908.80,1884.80,2866.40
2011-07-01,1690.40,2020.80,1704.00,1691.20,1832.80,1999.20,1356.00,3456.00,2435.20,1694.40,2023.20,1999.20,3038.40
2011-08-01,1639.20,1959.20,1653.60,1640.00,1777.60,1939.20,1315.20,3352.80,2363.20,1644.80,1962.40,1939.20,2947.20
2011-09-01,1587.20,1897.60,1602.40,1588.00,1722.40,1878.40,1274.40,3249.60,2291.20,1594.40,1901.60,1878.40,2855.20
2011-10-01,1679.20,1961.60,1656.80,1680.00,1781.60,1994.40,1354.40,3360.00,2371.20,1648.00,2018.40,1994.40,2952.80
2011-11-01,1777.60,2028.80,1713.60,1778.40,1843.20,2116.80,1438.40,3476.80,2454.40,1704.00,2142.40,2116.80,3054.40
2011-12-01,1882.40,2099.20,1772.80,1883.20,1908.00,2245.60,1526.40,3600.00,2541.60,1762.40,2272.80,2245.60,3160.80
2012-01-01,1825.60,2036.80,1719.20,1826.40,1851.20,2178.40,1481.60,3492.80,2466.40,1710.40,2205.60,2178.40,3066.40
2012-02-01,1932.80,2157.60,1821.60,1933.60,1961.60,2307.20,1569.60,3700.80,2612.80,1811.20,2336.80,2307.20,3249.60
2012-03-01,2047.20,2285.60,1929.60,2048.00,2078.40,2443.20,1662.40,3920.00,2768.00,1918.40,2475.20,2443.20,3442.40
2012-04-01,1985.60,2216.80,1871.20,1986.40,2017.60,2370.40,1613.60,3804.80,2686.40,1861.60,2402.40,2370.40,3340.80
2012-05-01,2101.60,2347.20,1981.60,2102.40,2137.60,2511.20,1708.80,4032.00,2845.60,1971.20,2544.80,2511.20,3540.80
2012-06-01,2225.60,2486.40,2098.40,2226.40,2264.80,2660.80,1809.60,4272.00,3014.40,2088.00,2696.00,2660.80,3752.00
2012-07-01,2358.40,2634.40,2222.40,2359.20,2400.00,2819.20,1916.80,4528.00,3193.60,2212.80,2856.00,2819.20,3975.20
2012-08-01,2287.20,2554.40,2155.20,2288.00,2328.00,2734.40,1859.20,4393.60,3100.80,2146.40,2771.20,2734.40,3856.80
2012-09-01,2215.20,2474.40,2087.20,2216.00,2256.00,2649.60,1801.60,4259.20,3008.00,2080.00,2686.40,2649.60,3738.40
2012-10-01,2344.00,2556.80,2158.40,2344.80,2332.80,2816.00,1915.20,4408.00,3108.80,2152.00,2856.00,2816.00,3868.80
2012-11-01,2481.60,2643.20,2233.60,2482.40,2414.40,2992.00,2037.60,4564.80,3216.00,2228.80,3036.80,2992.00,4006.40
2012-12-01,2628.80,2733.60,2313.60,2629.60,2500.80,3177.60,2168.00,4729.60,3329.60,2310.40,3227.20,3177.60,4152.00
2013-01-01,2549.60,2653.60,2244.80,2550.40,2425.60,3082.40,2103.20,4589.60,3230.40,2241.60,3131.20,3082.40,4030.40
2013-02-01,2699.20,2811.20,2378.40,2700.00,2569.60,3266.40,2228.80,4862.40,3422.40,2374.40,3318.40,3266.40,4272.00
2013-03-01,2858.40,2977.60,2519.20,2859.20,2721.60,3460.80,2361.60,5148.80,3624.00,2514.40,3516.80,3460.80,4526.40
2013-04-01,2772.80,2887.20,2444.80,2773.60,2641.60,3357.60,2292.80,4996.80,3516.80,2440.00,3412.80,3357.60,4392.00
2013-05-01,2934.40,3057.60,2589.60,2935.20,2798.40,3558.40,2428.80,5292.80,3724.80,2584.00,3614.40,3558.40,4656.00
2013-06-01,3107.20,3238.40,2742.40,3108.00,2964.80,3770.40,2572.80,5604.80,3944.00,2736.00,3828.80,3770.40,4932.80
2013-07-01,3292.00,3430.40,2904.00,3292.80,3140.80,3994.40,2724.80,5932.80,4176.00,2896.00,4056.00,3994.40,5224.00
2013-08-01,3192.80,3326.40,2817.60,3193.60,3046.40,3874.40,2642.40,5756.80,4051.20,2809.60,3932.80,3874.40,5068.80
2013-09-01,3092.80,3221.60,2730.40,3093.60,2951.20,3753.60,2559.20,5580.00,3925.60,2722.40,3808.80,3753.60,4912.80
2013-10-01,3275.20,3330.40,2822.40,3276.00,3052.80,3988.80,2721.60,5772.80,4062.40,2816.00,4052.80,3988.80,5084.80
2013-11-01,3469.60,3442.40,2919.20,3470.40,3159.20,4233.60,2892.80,5976.00,4206.40,2916.80,4308.80,4233.60,5264.00
2013-12-01,3677.60,3558.40,3021.60,3678.40,3270.40,4488.80,3072.80,6188.80,4358.40,3024.00,4577.60,4488.80,5452.80
2014-01-01,3567.20,3452.80,2932.80,3568.00,3173.60,4356.80,2982.40,6004.80,4230.40,2936.00,4441.60,4356.80,5292.80
2014-02-01,3777.60,3656.00,3106.40,3778.40,3363.20,4616.00,3158.40,6360.00,4481.60,3110.40,4704.00,4616.00,5608.00
2014-03-01,4000.00,3870.40,3288.00,4000.80,3564.80,4888.00,3344.00,6736.00,4748.80,3296.00,4980.80,4888.00,5940.80
2014-04-01,3880.00,3756.80,3190.40,3880.80,3458.40,4742.40,3244.80,6537.60,4607.20,3198.40,4832.00,4742.40,5764.80
2014-05-01,4108.00,3978.40,3379.20,4108.80,3664.00,5024.00,3436.80,6928.00,4881.60,3388.80,5120.00,5024.00,6108.80
2014-06-01,4348.80,4212.80,3579.20,4349.60,3881.60,5320.00,3641.60,7340.80,5172.80,3590.40,5424.00,5320.00,6472.00
2014-07-01,4604.80,4460.80,3790.40,4605.60,4112.00,5632.00,3860.80,7776.00,5481.60,3804.80,5744.00,5632.00,6856.00
2014-08-01,4464.00,4326.40,3677.60,4464.80,3988.80,5464.00,3744.00,7545.60,5318.40,3692.80,5572.80,5464.00,6651.20
2014-09-01,4322.40,4191.20,3564.00,4323.20,3865.60,5295.20,3626.40,7314.40,5154.40,3580.80,5401.60,5295.20,6445.60
2014-10-01,4578.40,4334.40,3684.80,4579.20,3996.80,5472.00,3748.80,7564.80,5332.80,3704.00,5587.20,5472.00,6672.00
2014-11-01,4848.00,4482.40,3811.20,4848.80,4133.60,5657.60,3876.80,7824.00,5518.40,3832.00,5780.80,5657.60,6907.20
2014-12-01,5132.80,4635.20,3943.20,5133.60,4276.80,5852.80,4011.20,8092.80,5712.00,3966.40,5983.20,5852.80,7152.00
2015-01-01,4979.20,4498.40,3827.20,4980.00,4149.60,5679.20,3892.80,7852.80,5544.00,3848.00,5808.00,5679.20,6940.80
2015-02-01,5268.80,4763.20,4052.80,5269.60,4394.40,6016.00,4123.20,8316.80,5870.40,4076.80,6152.00,6016.00,7356.80
2015-03-01,5578.40,5044.80,4292.80,5579.20,4656.00,6372.80,4368.00,8812.80,6220.80,4320.00,6520.00,6372.80,7796.80
2015-04-01,5411.20,4896.00,4166.40,5412.00,4518.40,6184.00,4240.00,8556.80,6038.40,4192.00,6328.00,6184.00,7568.00
2015-05-01,5728.00,5186.40,4414.40,5728.80,4785.60,6552.00,4492.80,9064.00,6396.80,4440.00,6704.00,6552.00,8016.00
2015-06-01,6064.00,5494.40,4678.40,6064.80,5070.40,6944.00,4761.60,9604.80,6777.60,4704.00,7104.00,6944.00,8492.80
2015-07-01,6420.80,5821.60,4958.40,6421.60,5374.40,7360.00,5046.40,10180.80,7182.40,4984.00,7528.00,7360.00,8998.40
2015-08-01,6224.00,5645.60,4810.40,6224.80,5214.40,7142.40,4896.00,9876.80,6969.60,4832.00,7305.60,7142.40,8734.40
2015-09-01,6026.40,5469.60,4662.40,6027.20,5054.40,6924.80,4745.60,9572.80,6756.80,4680.00,7083.20,6924.80,8470.40
2015-10-01,6387.20,5656.00,4822.40,6388.00,5227.20,7161.60,4908.80,9904.00,6988.80,4844.80,7324.80,7161.60,8764.80
2015-11-01,6764.80,5848.00,4988.80,6765.60,5406.40,7408.00,5078.40,10248.00,7228.80,5016.00,7576.00,7408.00,9068.80
2015-12-01,7160.00,6045.60,5161.60,7160.80,5592.00,7664.00,5254.40,10604.80,7476.80,5193.60,7836.80,7664.00,9382.40
2016-01-01,6945.60,5864.00,5007.20,6946.40,5426.40,7436.80,5096.00,10292.80,7256.00,5040.00,7603.20,7436.80,9102.40
2016-02-01,7353.60,6211.20,5307.20,7354.40,5748.80,7876.80,5396.80,10908.80,7684.80,5340.00,8056.00,7876.80,9648.00
2016-03-01,7784.00,6580.80,5622.40,7784.80,6089.60,8340.80,5716.80,11556.80,8140.80,5656.00,8536.00,8340.80,10224.00
2016-04-01,7555.20,6384.00,5456.00,7556.00,5910.40,8092.80,5548.80,11212.80,7900.80,5488.00,8284.80,8092.80,9916.80
2016-05-01,7998.40,6763.20,5779.20,7999.20,6258.40,8577.60,5881.60,11884.80,8372.80,5812.80,8780.80,8577.60,10508.80
2016-06-01,8468.80,7166.40,6120.00,8469.60,6626.40,9088.00,6232.00,12596.80,8876.80,6156.80,9308.80,9088.00,11132.80
2016-07-01,8968.00,7594.40,6478.40,8968.80,7014.40,9625.60,6600.00,13348.80,9412.80,6520.00,9868.80,9625.60,11788.80
2016-08-01,8700.80,7367.20,6284.80,8701.60,6808.00,9342.40,6408.00,12956.80,9134.40,6328.00,9580.80,9342.40,11436.80
2016-09-01,8432.80,7139.20,6090.40,8433.60,6601.60,9058.40,6216.00,12564.80,8856.00,6136.00,9292.80,9058.40,11084.80
2016-10-01,8936.00,7382.40,6295.20,8936.80,6828.80,9364.80,6432.00,12996.80,9164.80,6352.00,9612.80,9364.80,11476.80
2016-11-01,9468.80,7636.80,6508.80,9469.60,7065.60,9684.80,6657.60,13452.80,9484.80,6576.00,9948.80,9684.80,11884.80
2016-12-01,10032.00,7902.40,6731.20,10032.80,7312.00,10018.40,6892.80,13932.80,9817.60,6808.00,10300.80,10018.40,12308.80
2017-01-01,9731.20,7668.80,6532.80,9732.00,7094.40,9717.60,6688.00,13524.80,9532.80,6608.00,9996.80,9717.60,11940.80
2017-02-01,10298.40,8123.20,6919.20,10299.20,7519.20,10294.40,7084.80,14332.80,10100.80,7004.80,10596.80,10294.40,12652.80
2017-03-01,10913.60,8608.00,7332.80,10914.40,7972.80,10908.80,7508.80,15188.80,10708.80,7428.80,11236.80,10908.80,13404.80
2017-04-01,10587.20,8349.60,7118.40,10588.00,7736.00,10582.40,7284.80,14732.80,10388.80,7208.00,10900.80,10582.40,13004.80
2017-05-01,11211.20,8844.80,7540.80,11212.00,8198.40,11216.00,7716.80,15612.80,11004.80,7636.80,11548.80,11216.00,13780.80
2017-06-01,11876.80,9372.80,7988.80,11877.60,8692.80,11892.80,8180.80,16548.80,11668.80,8100.80,12244.80,11892.80,14604.80
2017-07-01,12588.80,9936.00,8468.80,12589.60,9220.80,12612.80,8676.80,17540.80,12380.80,8596.80,12988.80,12612.80,15476.80
2017-08-01,12208.00,9638.40,8216.00,12208.80,8944.00,12236.80,8416.00,17012.80,12012.80,8336.00,12604.80,12236.80,15012.80
2017-09-01,11826.40,9340.80,7963.20,11827.20,8667.20,11860.80,8155.20,16484.80,11644.80,8075.20,12220.80,11860.80,14548.80
2017-10-01,12532.80,9664.00,8240.00,12533.60,8972.80,12268.80,8444.80,17068.80,12044.80,8364.80,12636.80,12268.80,15084.80
2017-11-01,13284.80,9996.80,8524.80,13285.60,9286.40,12692.80,8742.40,17676.80,12460.80,8662.40,13068.80,12692.80,15636.80
2017-12-01,14084.80,10340.80,8817.60,14085.60,9608.00,13132.80,9048.00,18308.80,12892.80,8968.00,13516.80,13132.80,16204.80
2018-01-01,13662.40,10031.20,8553.60,13663.20,9322.40,12748.80,8784.00,17764.80,12508.80,8704.00,13116.80,12748.80,15724.80
2018-02-01,14465.60,10632.80,9061.60,14466.40,9878.40,13512.00,9312.00,18828.80,13252.80,9224.00,13900.80,13512.00,16668.80
2018-03-01,15329.60,11268.80,9604.80,15330.40,10468.80,14316.80,9876.80,19956.80,14044.80,9780.80,14732.80,14316.80,17668.80
2018-04-01,14863.20,10931.20,9316.80,14864.00,10155.20,13887.20,9584.00,19356.80,13612.80,9488.00,14292.80,13887.20,17132.80
2018-05-01,15734.40,11578.40,9866.40,15735.20,10764.80,14708.80,10156.80,20508.80,14420.80,10052.80,15148.80,14708.80,18148.80
2018-06-01,16668.80,12268.80,10460.80,16669.60,11412.80,15580.80,10764.80,21732.80,15276.80,10652.80,16052.80,15580.80,19220.80
2018-07-01,17668.80,13004.80,11100.80,17669.60,12100.80,16508.80,11412.80,23028.80,16180.80,11292.80,17004.80,16508.80,20356.80
2018-08-01,17135.20,12614.40,10766.40,17136.00,11738.40,16023.20,11076.80,22337.60,15695.20,10956.80,16494.40,16023.20,19746.40
2018-09-01,16601.60,12224.00,10432.00,16602.40,11376.00,15537.60,10740.80,21646.40,15209.60,10620.80,15984.00,15537.60,19136.00
2018-10-01,17588.80,12652.80,10796.80,17589.60,11772.80,16076.80,11116.80,22404.80,15804.80,11004.80,16540.80,16076.80,19788.80
2018-11-01,18636.80,13100.80,11180.80,18637.60,12188.80,16644.80,11516.80,23204.80,16428.80,11412.80,17124.80,16644.80,20476.80
2018-12-01,19748.80,13568.00,11584.00,19749.60,12624.00,17244.80,11940.80,24044.80,17084.80,11844.80,17740.80,17244.80,21204.80
2019-01-01,19166.40,13170.40,11236.80,19167.20,12246.40,16737.60,11588.80,23323.20,16582.40,11492.80,17219.20,16737.60,20578.40
2019-02-01,20284.80,13948.80,11901.60,20285.60,12980.80,17732.80,12276.80,24708.80,17572.80,12172.80,18244.80,17732.80,21796.80
2019-03-01,21484.80,14780.80,12620.80,21485.60,13764.80,18804.80,13012.80,26180.80,18628.80,12900.80,19332.80,18804.80,23084.80
2019-04-01,20830.40,14342.40,12242.40,20831.20,13352.00,18241.60,12628.80,25395.20,18081.60,12516.80,18764.80,18241.60,22402.40
2019-05-01,22054.40,15202.40,12964.80,22055.20,14148.80,19332.80,13380.80,26924.80,19156.80,13260.80,19876.80,19332.80,23748.80
2019-06-01,23364.80,16124.80,13748.80,23365.60,15004.80,20500.80,14180.80,28540.80,20300.80,14052.80,21052.80,20500.80,25172.80
2019-07-01,24764.80,17116.80,14596.80,24765.60,15924.80,21748.80,15036.80,30252.80,21516.80,14900.80,22292.80,21748.80,26684.80
2019-08-01,24012.80,16603.20,14148.80,24013.60,15444.80,21092.80,14596.80,29345.60,20876.80,14452.80,21628.80,21092.80,25884.80
2019-09-01,23260.80,16089.60,13700.80,23261.60,14964.80,20436.80,14156.80,28438.40,20236.80,14004.80,20964.80,20436.80,25084.80
2019-10-01,24644.80,16652.80,14172.80,24645.60,15484.80,21132.80,14636.80,29428.80,20948.80,14524.80,21700.80,21132.80,25964.80
2019-11-01,26108.80,17244.80,14676.80,26109.60,16036.80,21876.80,15148.80,30476.80,21708.80,15076.80,22484.80,21876.80,26908.80
2019-12-01,27652.80,17868.80,15212.80,27653.60,16620.80,22668.80,15692.80,31580.80,22516.80,15660.80,23316.80,22668.80,27916.80
2020-01-01,26822.40,17342.40,14756.80,26823.20,16122.40,21998.40,15222.40,30632.00,21851.20,15188.80,22612.80,21998.40,27088.00
2020-02-01,28390.40,18372.80,15636.80,28391.20,17076.80,23308.80,16124.80,32452.80,23148.80,16092.80,23956.80,23308.80,28708.80
2020-03-01,30068.80,19468.80,16572.80,30069.60,18092.80,24700.80,17076.80,34372.80,24516.80,17044.80,25364.80,24700.80,30412.80
2020-04-01,29166.40,18885.60,16081.60,29167.20,17548.80,23959.20,16564.80,33362.40,23791.20,16532.80,24604.80,23959.20,29500.80
2020-05-01,30884.80,20012.80,17044.80,30885.60,18596.80,25396.80,17548.80,35332.80,25204.80,17516.80,26068.80,25396.80,31252.80
2020-06-01,32716.80,21212.80,18076.80,32717.60,19716.80,26924.80,18588.80,37412.80,26700.80,18556.80,27596.80,26924.80,33092.80
2020-07-01,34668.80,22492.80,19180.80,34669.60,20908.80,28548.80,19684.80,39612.80,28284.80,19652.80,29188.80,28548.80,35020.80
2020-08-01,33628.80,21822.40,18605.60,33629.60,20284.80,27692.80,19100.80,38434.40,27446.40,19076.80,28323.20,27692.80,33970.40
2020-09-01,32588.80,21152.00,18030.40,32589.60,19660.80,26836.80,18516.80,37256.00,26608.00,18500.80,27457.60,26836.80,32920.00
2020-10-01,34508.80,21876.80,18652.80,34509.60,20348.80,27756.80,19164.80,38596.80,27572.80,19164.80,28420.80,27756.80,34108.80
2020-11-01,36548.80,22636.80,19308.80,36549.60,21076.80,28724.80,19844.80,39996.80,28580.80,19860.80,29428.80,28724.80,35356.80
2020-12-01,38708.80,23428.80,19996.80,38709.60,21844.80,29740.80,20556.80,41452.80,29628.80,20588.80,30476.80,29740.80,36652.80
2021-01-01,37527.20,22716.80,19396.80,37528.00,21180.80,28838.40,19940.80,40219.20,28729.60,19972.80,29562.40,28838.40,35572.80
2021-02-01,39723.20,24068.80,20540.80,39724.00,22436.80,30556.80,21124.80,42612.80,30444.80,21156.80,31316.80,30556.80,37684.80
2021-03-01,42043.20,25508.80,21756.80,42044.00,23780.80,32372.80,22372.80,45132.80,32252.80,22404.80,33156.80,32372.80,39892.80
2021-04-01,40781.60,24733.60,21108.80,40782.40,23068.80,31401.60,21708.80,43775.20,31289.60,21732.80,32152.00,31401.60,38708.80
2021-05-01,43162.40,26196.80,22364.80,43163.20,24444.80,33276.80,23004.80,46372.80,33156.80,23012.80,34076.80,33276.80,41012.80
2021-06-01,45684.80,27748.80,23692.80,45685.60,25908.80,35252.80,24364.80,49108.80,35116.80,24356.80,36084.80,35252.80,43412.80
2021-07-01,48364.80,29396.80,25100.80,48365.60,27460.80,37332.80,25788.80,51988.80,37172.80,25764.80,38172.80,37332.80,45908.80
2021-08-01,46923.20,28524.80,24346.40,46924.00,26636.80,36222.40,25004.80,50429.60,36077.60,25002.40,37047.20,36222.40,44582.40
2021-09-01,45481.60,27652.80,23592.00,45482.40,25812.80,35112.00,24220.80,48870.40,34982.40,24240.00,35921.60,35112.00,43256.00
2021-10-01,48204.80,28636.80,24412.80,48205.60,26716.80,36316.80,25068.80,50596.80,36220.80,25092.80,37196.80,36316.80,44748.80
2021-11-01,51084.80,29660.80,25276.80,51085.60,27660.80,37572.80,25956.80,52396.80,37508.80,25988.80,38524.80,37572.80,46308.80
2021-12-01,54132.80,30724.80,26180.80,54133.60,28644.80,38876.80,26884.80,54268.80,38844.80,26924.80,39892.80,38876.80,47924.80
2022-01-01,52488.80,29803.20,25415.20,52489.60,27806.40,37720.80,26098.40,52641.60,37699.20,26132.80,38707.20,37720.80,46532.80
2022-02-01,55572.80,31564.80,26932.80,55573.60,29468.80,39964.80,27652.80,55796.80,39932.80,27684.80,41012.80,39964.80,49332.80
2022-03-01,58844.80,33428.80,28532.80,58845.60,31228.80,42316.80,29292.80,59092.80,42276.80,29324.80,43428.80,42316.80,52252.80
2022-04-01,57100.80,32446.40,27687.20,57101.60,30302.40,41067.20,28444.80,57370.40,41028.80,28476.80,42156.80,41067.20,50722.40
2022-05-01,60444.80,34372.80,29324.80,60445.60,32100.80,43492.80,30148.80,60772.80,43452.80,30180.80,44668.80,43492.80,53732.80
2022-06-01,64004.80,36412.80,31044.80,64005.60,33996.80,46044.80,31932.80,64332.80,46004.80,31964.80,47292.80,46044.80,56876.80
2022-07-01,67788.80,38572.80,32852.80,67789.60,36004.80,48732.80,33796.80,68052.80,48684.80,33828.80,50036.80,48732.80,60164.80
2022-08-01,65724.80,37424.00,31882.40,65725.60,34924.80,47292.80,32804.80,66051.20,47252.80,32836.80,48535.20,47292.80,58359.20
2022-09-01,63660.80,36275.20,30912.00,63661.60,33844.80,45852.80,31812.80,64049.60,45820.80,31844.80,47033.60,45852.80,56553.60
2022-10-01,67452.80,37532.80,32012.80,67453.60,35044.80,47412.80,32932.80,66252.80,47372.80,32964.80,48676.80,47412.80,58524.80
2022-11-01,71484.80,38844.80,33156.80,71485.60,36308.80,49044.80,34108.80,68540.80,48996.80,34140.80,50404.80,49044.80,60588.80
2022-12-01,75772.80,40212.80,34348.80,75773.60,37636.80,50748.80,35332.80,70916.80,50692.80,35364.80,52212.80,50748.80,62748.80
2023-01-01,73500.80,39006.40,33318.40,73501.60,36518.40,49227.20,34282.40,68789.60,49172.80,34314.40,50686.40,49227.20,60886.40
2023-02-01,77844.80,41326.40,35292.80,77845.60,38676.80,52156.80,36316.80,72876.80,52108.80,36348.80,53716.80,52156.80,64532.80
2023-03-01,82476.80,43788.80,37372.80,82477.60,40956.80,55252.80,38452.80,77164.80,55212.80,38484.80,56908.80,55252.80,68364.80
2023-04-01,79982.40,42483.20,36242.40,79983.20,39728.00,53615.20,37299.20,74860.80,53572.80,37330.40,55241.60,53615.20,66354.40
2023-05-01,84732.80,45012.80,38412.80,84733.60,42108.80,56812.80,39532.80,79372.80,56764.80,39564.80,58524.80,56812.80,70372.80
2023-06-01,89772.80,47708.80,40692.80,89773.60,44612.80,60188.80,41876.80,84108.80,60132.80,41908.80,61996.80,60188.80,74572.80
2023-07-01,95116.80,50572.80,43084.80,95117.60,47244.80,63748.80,44332.80,89076.80,63684.80,44364.80,65660.80,63748.80,78964.80
2023-08-01,92263.20,49055.20,41822.40,92264.00,45857.60,61877.60,43023.20,86474.40,61820.80,43054.40,63741.60,61877.60,76636.80
2023-09-01,89409.60,47537.60,40560.00,89410.40,44470.40,60006.40,41713.60,83872.00,59956.80,41744.00,61822.40,60006.40,74308.80
2023-10-01,94764.80,49132.80,41932.80,94765.60,45972.80,62006.40,43148.80,86732.80,61956.80,43180.80,63932.80,62006.40,76852.80
2023-11-01,100444.80,50796.80,43372.80,100445.60,47548.80,64092.80,44652.80,89716.80,64036.80,44684.80,66124.80,64092.80,79492.80
2023-12-01,106468.80,52532.80,44876.80,106469.60,49196.80,66268.80,46220.80,92828.80,66204.80,46252.80,68396.80,66268.80,82228.80
2024-01-01,103254.40,50957.60,43530.40,103255.20,47741.60,64280.80,44854.40,90084.80,64228.80,44885.60,66344.80,64280.80,79782.40
2024-02-01,109334.40,53956.80,46092.80,109335.20,50572.80,68076.80,47532.80,95452.80,68020.80,47564.80,70316.80,68076.80,84492.80
2024-03-01,115788.80,57124.80,48764.80,115789.60,53532.80,72044.80,50316.80,101068.80,71980.80,50348.80,74460.80,72044.80,89404.80
2024-04-01,112264.80,55421.60,47302.40,112265.60,51917.60,69883.20,48807.20,98066.40,69828.80,48838.40,72246.40,69883.20,86772.80
2024-05-01,118940.80,58716.80,50108.80,118941.60,55004.80,74044.80,51692.80,103892.80,73980.80,51724.80,76540.80,74044.80,91932.80
2024-06-01,125996.80,62188.80,53028.80,125997.60,58228.80,78396.80,54700.80,110012.80,78324.80,54732.80,81020.80,78396.80,97284.80
2024-07-01,133452.80,65844.80,56076.80,133453.60,61596.80,82948.80,57836.80,116436.80,82868.80,57868.80,85692.80,82948.80,102844.80
2024-08-01,129489.60,63919.20,54434.40,129490.40,59778.40,80521.60,56142.40,113024.80,80449.60,56173.60,83172.80,80521.60,99820.80
2024-09-01,125526.40,61993.60,52792.00,125527.20,57960.00,78094.40,54448.00,109612.80,78030.40,54478.40,80652.80,78094.40,96796.80
2024-10-01,132958.40,64113.60,54620.80,132959.20,59958.40,80778.40,56364.80,113434.40,80708.80,56395.20,83476.80,80778.40,100164.80
2024-11-01,140876.80,66316.80,56532.80,140877.60,62044.80,83556.80,58364.80,117404.80,83476.80,58395.20,86396.80,83556.80,103676.80
2024-12-01,149292.80,68604.80,58532.80,149293.60,64220.80,86436.80,60452.80,121532.80,86348.80,60483.20,89420.80,86436.80,107340.80